a000001,Soft,Article,y,baner,flag,noun-fem,Mae'r ,yn y gegin.,faner,SM,The flag is in the kitchen.,After the definite article a singular feminine noun takes soft mutation.,Ar ôl y fannod mae enw benywaidd unigol yn treiglo'n feddal.
a000002,Soft,Article,y,barf,beard,noun-fem,Dw i ddim yn hoffi'r ,o gwbl.,farf,SM,I don’t like the beard at all.,After the definite article a singular feminine noun takes soft mutation.,Ar ôl y fannod mae enw benywaidd unigol yn treiglo'n feddal.
a000003,None,Article,yr,acen,accent,noun-fem,Mae ,e'n gryf.,acen,NONE,The accent is strong.,This noun is feminine but it starts with a vowel so there is no mutation after the article.,Mae'r enw yn fenywaidd ond mae'n dechrau gyda llafariad felly does dim treiglad ar ôl y fannod.
a000004,None,Article,yr,addysg,education,noun-fem,Mae ,yn bwysig.,addysg,NONE,Education is important.,This noun is feminine but it starts with a vowel so there is no mutation after the article.,Mae'r enw yn fenywaidd ond mae'n dechrau gyda llafariad felly does dim treiglad ar ôl y fannod.
a000005,None,Article,yr,Albanes,Scottish woman,noun-fem,Dyma ,yn yr ysgol.,Albanes,NONE,Here is the Scottish woman in the school.,This noun is feminine but it starts with a vowel so there is no mutation after the article.,Mae'r enw yn fenywaidd ond mae'n dechrau gyda llafariad felly does dim treiglad ar ôl y fannod.
a000006,None,Article,yr,Almaen,Germany,placename,Mae ,yn Ewrop.,Almaen,NONE,Germany is in Europe.,This place name starts with a vowel so there is no mutation after the article.,Mae'r enw lle yn dechrau gyda llafariad felly does dim treiglad ar ôl y fannod.
a000007,None,Article,yr,Almaeneg,German language,noun-fem,Dw i'n dysgu ,yn y dosbarth.,Almaeneg,NONE,I’m learning German in class.,This noun is feminine but it starts with a vowel so there is no mutation after the article.,Mae'r enw yn fenywaidd ond mae'n dechrau gyda llafariad felly does dim treiglad ar ôl y fannod.
a000008,None,Article,yr,Almaenes,German woman,noun-fem,Mae ,yn gweithio yma.,Almaenes,NONE,The German woman works here.,This noun is feminine but it starts with a vowel so there is no mutation after the article.,Mae'r enw yn fenywaidd ond mae'n dechrau gyda llafariad felly does dim treiglad ar ôl y fannod.
a000009,None,Article,yr,allwedd,a key,noun-fem,Mae'r ,ar y bwrdd.,allwedd,NONE,The key is on the table.,After the definite article a singular feminine noun takes soft mutation but a- does not change.,Ar ôl y fannod mae enw benywaidd unigol yn treiglo'n feddal ond dydy a- ddim yn newid.
a000010,None,Article,yr,Americanes,American woman,noun-fem,Mae ,yn byw yng Nghymru.,Americanes,NONE,The American woman lives in Wales.,This noun is feminine but it starts with a vowel so there is no mutation after the article.,Mae'r enw yn fenywaidd ond mae'n dechrau gyda llafariad felly does dim treiglad ar ôl y fannod.
a000011,None,Article,yr,amlen,an envelope,noun-fem,Mae'r ,yn wag.,amlen,NONE,The envelope is empty.,After the definite article a singular feminine noun takes soft mutation but a- does not change.,Ar ôl y fannod mae enw benywaidd unigol yn treiglo'n feddal ond dydy a- ddim yn newid.
a000012,None,Article,yr,amserlen,a timetable,noun-fem,Mae'r ,yn y bag.,amserlen,NONE,The timetable is in the bag.,After the definite article a singular feminine noun takes soft mutation but a- does not change.,Ar ôl y fannod mae enw benywaidd unigol yn treiglo'n feddal ond dydy a- ddim yn newid.
a000013,None,Article,yr,antur,an adventure,noun-fem,Roedd yr ,yn wych.,antur,NONE,The adventure was great.,After the definite article a singular feminine noun takes soft mutation but a- does not change.,Ar ôl y fannod mae enw benywaidd unigol yn treiglo'n feddal ond dydy a- ddim yn newid.
a000014,None,Article,yr,archfarchnad,a supermarket,noun-fem,Mae'r ,ger y tŷ.,archfarchnad,NONE,The supermarket is near the house.,After the definite article a singular feminine noun takes soft mutation but a- does not change.,Ar ôl y fannod mae enw benywaidd unigol yn treiglo'n feddal ond dydy a- ddim yn newid.
a000015,None,Article,yr,ardal,an area,noun-fem,Mae'r ,yn dawel.,ardal,NONE,The area is quiet.,After the definite article a singular feminine noun takes soft mutation but a- does not change.,Ar ôl y fannod mae enw benywaidd unigol yn treiglo'n feddal ond dydy a- ddim yn newid.
a000016,None,Article,yr,atig,an attic,noun-fem,Mae'r ,yn fach.,atig,NONE,The attic is small.,After the definite article a singular feminine noun takes soft mutation but a- does not change.,Ar ôl y fannod mae enw benywaidd unigol yn treiglo'n feddal ond dydy a- ddim yn newid.
a000017,None,Article,yr,awr ginio,lunch hour,time-adv,Mae'r ,am un o'r gloch.,awr ginio,NONE,The lunch hour is at one o’clock.,This phrase starts with a vowel so there is no mutation after the article.,Mae'r ymadrodd yn dechrau gyda llafariad felly does dim treiglad ar ôl y fannod.
a000018,None,Article,yr,awyr,air; sky,noun-fem,Mae'r ,yn las heddiw.,awyr,NONE,The sky is blue today.,This noun starts with a vowel so there is no mutation after the article.,Mae'r enw yn dechrau gyda llafariad felly does dim treiglad ar ôl y fannod.
a000019,Soft,Article,y,bioleg,biology,noun-fem,Dw i'n astudio ,yn y coleg.,fioleg,SM,I study biology in college.,After the definite article a singular feminine noun takes soft mutation.,Ar ôl y fannod mae enw benywaidd unigol yn treiglo'n feddal.
a000020,Soft,Article,y,blows,a blouse,noun-fem,Mae'r ,yn wyn.,flows,SM,The blouse is white.,After the definite article a singular feminine noun takes soft mutation.,Ar ôl y fannod mae enw benywaidd unigol yn treiglo'n feddal.
a000021,Soft,Article,y,boch,a cheek,noun-fem,Mae'r ,yn boenus.,foch,SM,The cheek is sore.,After the definite article a singular feminine noun takes soft mutation.,Ar ôl y fannod mae enw benywaidd unigol yn treiglo'n feddal.
a000022,Soft,Article,y,brest,a chest,noun-fem,Mae'r ,yn dynn.,frest,SM,The chest is tight.,After the definite article a singular feminine noun takes soft mutation.,Ar ôl y fannod mae enw benywaidd unigol yn treiglo'n feddal.
a000023,Soft,Article,y,bresychen,a cabbage,noun-fem,Dw i'n prynu ,heddiw.,fresychen,SM,I’m buying the cabbage today.,After the definite article a singular feminine noun takes soft mutation.,Ar ôl y fannod mae enw benywaidd unigol yn treiglo'n feddal.
a000024,Soft,Article,y,buwch,a cow,noun-fem,Mae'r ,yn y cae.,fuwch,SM,The cow is in the field.,After the definite article a singular feminine noun takes soft mutation.,Ar ôl y fannod mae enw benywaidd unigol yn treiglo'n feddal.
a000025,Soft,Article,y,cadair olwyn,a wheelchair,noun-fem,Mae'r ,yn y car.,gadair olwyn,SM,The wheelchair is in the car.,After the definite article a singular feminine noun takes soft mutation on the first word.,Ar ôl y fannod mae enw benywaidd unigol yn treiglo'n feddal ar y gair cyntaf.
a000026,Soft,Article,y,calon,a heart,noun-fem,Mae'r ,yn curo'n gyflym.,galon,SM,The heart is beating fast.,After the definite article a singular feminine noun takes soft mutation.,Ar ôl y fannod mae enw benywaidd unigol yn treiglo'n feddal.
a000027,Soft,Article,y,camp,a feat,noun-fem,Roedd y ,yn anhygoel.,gamp,SM,The feat was amazing.,After the definite article a singular feminine noun takes soft mutation.,Ar ôl y fannod mae enw benywaidd unigol yn treiglo'n feddal.
a000028,Soft,Article,y,canrif,a century,noun-fem,Rydyn ni yn y ,hon.,ganrif,SM,We are in this century.,After the definite article a singular feminine noun takes soft mutation.,Ar ôl y fannod mae enw benywaidd unigol yn treiglo'n feddal.
a000029,Soft,Article,y,cantores,a female singer,noun-fem,Mae'r ,yn enwog.,gantores,SM,The female singer is famous.,After the definite article a singular feminine noun takes soft mutation.,Ar ôl y fannod mae enw benywaidd unigol yn treiglo'n feddal.
a000030,Soft,Article,y,carafán,a caravan,noun-fem,Mae'r ,ger y môr.,garafán,SM,The caravan is near the sea.,After the definite article a singular feminine noun takes soft mutation.,Ar ôl y fannod mae enw benywaidd unigol yn treiglo'n feddal.
a000031,None,Article,yr,canrifau,centuries,noun-pl,Rydyn ni'n darllen am yr ,yn y llyfr.,canrifau,NONE,We are reading about the centuries in the book.,Plural nouns do not take soft mutation after the definite article.,Dydy enwau lluosog ddim yn treiglo'n feddal ar ôl y fannod.
a000032,None,Article,yr,allweddi,keys,noun-pl,Mae'r ,ar y bwrdd.,allweddi,NONE,The keys are on the table.,Plural nouns do not take soft mutation after the definite article.,Dydy enwau lluosog ddim yn treiglo'n feddal ar ôl y fannod.
a000033,None,Article,y,baneri,flags,noun-pl,Mae'r ,tu allan.,baneri,NONE,The flags are outside.,Plural nouns do not take soft mutation after the definite article.,Dydy enwau lluosog ddim yn treiglo'n feddal ar ôl y fannod.
a000034,None,Article,yr,amlenni,envelopes,noun-pl,Mae'r ,yn y drôr.,amlenni,NONE,The envelopes are in the drawer.,Plural nouns do not take soft mutation after the definite article.,Dydy enwau lluosog ddim yn treiglo'n feddal ar ôl y fannod.
a000035,None,Article,y,buchod,cows,noun-pl,Mae'r ,yn y cae.,buchod,NONE,The cows are in the field.,Plural nouns do not take soft mutation after the definite article.,Dydy enwau lluosog ddim yn treiglo'n feddal ar ôl y fannod.
a000036,Soft,Article,y,cadair olwyn,wheelchair,noun-fem,Mae'r ,yn y car.,gadair olwyn,SM,The wheelchair is in the car.,After the definite article a singular feminine noun takes soft mutation on the first word.,Ar ôl y fannod mae enw benywaidd unigol yn treiglo'n feddal ar y gair cyntaf.
a000037,Soft,Article,y,calon,heart,noun-fem,Mae'r ,yn curo'n gyflym.,galon,SM,The heart is beating fast.,After the definite article a singular feminine noun takes soft mutation.,Ar ôl y fannod mae enw benywaidd unigol yn treiglo'n feddal.
a000038,Soft,Article,y,camp,feat,noun-fem,Roedd y ,yn anhygoel.,gamp,SM,The feat was amazing.,After the definite article a singular feminine noun takes soft mutation.,Ar ôl y fannod mae enw benywaidd unigol yn treiglo'n feddal.
a000039,Soft,Article,y,canrif,century,noun-fem,Rydyn ni yn y ,hon.,ganrif,SM,We are in this century.,After the definite article a singular feminine noun takes soft mutation.,Ar ôl y fannod mae enw benywaidd unigol yn treiglo'n feddal.
a000040,Soft,Article,y,cantores,female singer,noun-fem,Mae'r ,yn canu'n dda.,gantores,SM,The female singer sings well.,After the definite article a singular feminine noun takes soft mutation.,Ar ôl y fannod mae enw benywaidd unigol yn treiglo'n feddal.
a000041,Soft,Article,y,carafán,caravan,noun-fem,Mae'r ,ger y môr.,garafán,SM,The caravan is near the sea.,After the definite article a singular feminine noun takes soft mutation.,Ar ôl y fannod mae enw benywaidd unigol yn treiglo'n feddal.
a000042,Soft,Article,y,cardigan,cardigan,noun-fem,Mae'r ,ar y gadair.,gardigan,SM,The cardigan is on the chair.,After the definite article a singular feminine noun takes soft mutation.,Ar ôl y fannod mae enw benywaidd unigol yn treiglo'n feddal.
a000043,Soft,Article,y,celf,art,noun-fem,Dw i'n hoffi ,yn fawr.,gelf,SM,I like art a lot.,After the definite article a singular feminine noun takes soft mutation.,Ar ôl y fannod mae enw benywaidd unigol yn treiglo'n feddal.
a000044,Soft,Article,y,cemeg,chemistry,noun-fem,Dw i'n astudio ,yn y coleg.,gemeg,SM,I study chemistry in college.,After the definite article a singular feminine noun takes soft mutation.,Ar ôl y fannod mae enw benywaidd unigol yn treiglo'n feddal.
a000045,Soft,Article,y,cewyn,nappy,noun-fem,Mae'r ,yn y bag.,gewyn,SM,The nappy is in the bag.,After the definite article a singular feminine noun takes soft mutation.,Ar ôl y fannod mae enw benywaidd unigol yn treiglo'n feddal.
a000046,Soft,Article,y,cylchfan,roundabout,noun-fem,Mae'r ,ger y siop.,gylchfan,SM,The roundabout is near the shop.,After the definite article a singular feminine noun takes soft mutation.,Ar ôl y fannod mae enw benywaidd unigol yn treiglo'n feddal.
a000047,Soft,Article,y,cyllell,knife,noun-fem,Mae'r ,yn finiog.,gyllell,SM,The knife is sharp.,After the definite article a singular feminine noun takes soft mutation.,Ar ôl y fannod mae enw benywaidd unigol yn treiglo'n feddal.
a000048,Soft,Article,y,cymdeithas,society,noun-fem,Mae'r ,yn fawr.,gymdeithas,SM,The society is big.,After the definite article a singular feminine noun takes soft mutation.,Ar ôl y fannod mae enw benywaidd unigol yn treiglo'n feddal.
a000049,Soft,Article,y,cymdeithas rieni,parents’ association,noun-fem,Mae'r ,yn cyfarfod heno.,gymdeithas rieni,SM,The parents’ association is meeting tonight.,After the definite article a singular feminine noun takes soft mutation on the first word of the phrase.,Ar ôl y fannod mae treiglad meddal ar air cyntaf yr ymadrodd.
a000050,Soft,Article,y,cymuned,community,noun-fem,Mae'r ,yn gyfeillgar.,gymuned,SM,The community is friendly.,After the definite article a singular feminine noun takes soft mutation.,Ar ôl y fannod mae enw benywaidd unigol yn treiglo'n feddal.
a000051,Soft,Article,y,cynffon,tail,noun-fem,Mae'r ,yn hir.,gynffon,SM,The tail is long.,After the definite article a singular feminine noun takes soft mutation.,Ar ôl y fannod mae enw benywaidd unigol yn treiglo'n feddal.
a000052,Soft,Article,y,cynulleidfa,audience,noun-fem,Mae'r ,yn fawr heno.,gynulleidfa,SM,The audience is big tonight.,After the definite article a singular feminine noun takes soft mutation.,Ar ôl y fannod mae enw benywaidd unigol yn treiglo'n feddal.
a000053,Soft,Article,y,cusan,kiss,noun-fem,Rho gusan i mi? Na rhoi'r ,gyntaf.,gusan,SM,Give me a kiss? No give the kiss first.,After the definite article a singular feminine noun takes soft mutation but g- does not change.,Ar ôl y fannod mae enw benywaidd unigol yn treiglo'n feddal ond dydy g- ddim yn newid.
a000054,Soft,Article,y,cwningen,rabbit,noun-fem,Mae'r ,yn y cae.,gwningen,SM,The rabbit is in the field.,After the definite article a singular feminine noun takes soft mutation.,Ar ôl y fannod mae enw benywaidd unigol yn treiglo'n feddal.
a000055,Soft,Article,y,daear,earth,noun-fem,Mae'r ,yn gynnes yn yr haf.,ddaear,SM,The earth is warm in the summer.,After the definite article a singular feminine noun takes soft mutation.,Ar ôl y fannod mae enw benywaidd unigol yn treiglo'n feddal.
a000056,Soft,Article,y,daearyddiaeth,geography,noun-fem,Dw i'n hoffi ,yn yr ysgol.,ddaearyddiaeth,SM,I like geography in school.,After the definite article a singular feminine noun takes soft mutation.,Ar ôl y fannod mae enw benywaidd unigol yn treiglo'n feddal.
a000057,Soft,Article,y,dafad,sheep,noun-fem,Mae'r ,yn y cae.,ddafad,SM,The sheep is in the field.,After the definite article a singular feminine noun takes soft mutation.,Ar ôl y fannod mae enw benywaidd unigol yn treiglo'n feddal.
a000058,Soft,Article,y,dawns,dance,noun-fem,Mae'r ,ar nos Wener.,ddawns,SM,The dance is on Friday night.,After the definite article a singular feminine noun takes soft mutation.,Ar ôl y fannod mae enw benywaidd unigol yn treiglo'n feddal.
a000059,Soft,Article,y,derbynfa,reception,noun-fem,Mae'r ,wrth y drws.,dderbynfa,SM,The reception is by the door.,After the definite article a singular feminine noun takes soft mutation.,Ar ôl y fannod mae enw benywaidd unigol yn treiglo'n feddal.
a000060,Soft,Article,y,dinas,city,noun-fem,Mae'r ,yn brysur heddiw.,ddinas,SM,The city is busy today.,After the definite article a singular feminine noun takes soft mutation.,Ar ôl y fannod mae enw benywaidd unigol yn treiglo'n feddal.
a000061,Soft,Article,y,dogfen,document,noun-fem,Mae'r ,ar y bwrdd.,ddogfen,SM,The document is on the table.,After the definite article a singular feminine noun takes soft mutation.,Ar ôl y fannod mae enw benywaidd unigol yn treiglo'n feddal.
a000062,Soft,Article,y,doli,doll,noun-fem,Mae'r ,yn y gwely.,ddoli,SM,The doll is in the bed.,After the definite article a singular feminine noun takes soft mutation.,Ar ôl y fannod mae enw benywaidd unigol yn treiglo'n feddal.
a000063,Soft,Article,y,draig,dragon,noun-fem,Mae'r ,ar y faner.,ddraig,SM,The dragon is on the flag.,After the definite article a singular feminine noun takes soft mutation.,Ar ôl y fannod mae enw benywaidd unigol yn treiglo'n feddal.
a000064,None,Article,yr,egwyl,break,noun-fem,Mae'r ,am ddeg o'r gloch.,egwyl,NONE,The break is at ten o’clock.,This noun starts with a vowel so there is no mutation after the article.,Mae'r enw yn dechrau gyda llafariad felly does dim treiglad ar ôl y fannod.
a000065,None,Article,yr,Eidal,Italy,placename,Mae ,yn Ewrop.,Eidal,NONE,Italy is in Europe.,This place name starts with a vowel so there is no mutation after the article.,Mae'r enw lle yn dechrau gyda llafariad felly does dim treiglad ar ôl y fannod.
a000066,None,Article,yr,Eidaleg,Italian language,noun-fem,Dw i'n dysgu ,ar-lein.,Eidaleg,NONE,I’m learning Italian online.,This noun starts with a vowel so there is no mutation after the article.,Mae'r enw yn dechrau gyda llafariad felly does dim treiglad ar ôl y fannod.
a000067,None,Article,yr,Eidales,Italian woman,noun-fem,Mae ,yn gweithio yma.,Eidales,NONE,The Italian woman works here.,This noun starts with a vowel so there is no mutation after the article.,Mae'r enw yn dechrau gyda llafariad felly does dim treiglad ar ôl y fannod.
a000068,None,Article,yr,eitem,item,noun-fem,Mae'r ,yn ddrud.,eitem,NONE,The item is expensive.,This noun starts with a vowel so there is no mutation after the article.,Mae'r enw yn dechrau gyda llafariad felly does dim treiglad ar ôl y fannod.
a000069,None,Article,yr,elusen,charity,noun-fem,Mae'r ,yn helpu pobl.,elusen,NONE,The charity helps people.,This noun starts with a vowel so there is no mutation after the article.,Mae'r enw yn dechrau gyda llafariad felly does dim treiglad ar ôl y fannod.
a000070,None,Article,yr,Ewrop,Europe,placename,Mae ,yn fawr.,Ewrop,NONE,Europe is big.,This place name starts with a vowel so there is no mutation after the article.,Mae'r enw lle yn dechrau gyda llafariad felly does dim treiglad ar ôl y fannod.
a000071,None,Article,y,fest,vest,noun-fem,Mae'r ,yn lân.,fest,NONE,The vest is clean.,After the definite article a singular feminine noun takes soft mutation but f- does not change.,Ar ôl y fannod mae enw benywaidd unigol yn treiglo'n feddal ond dydy f- ddim yn newid.
a000072,Soft,Article,y,ffafr,favour,noun-fem,Ga i'r ,os gwelwch chi'n dda?,fafr,SM,Can I have the favour please?,After the definite article a singular feminine noun takes soft mutation so ff- becomes f-.,Ar ôl y fannod mae enw benywaidd unigol yn treiglo'n feddal felly mae ff- yn dod yn f-.
a000073,Soft,Article,y,ffaith,fact,noun-fem,Dyna'r ,i gyd.,faith,SM,That’s the fact.,After the definite article a singular feminine noun takes soft mutation so ff- becomes f-.,Ar ôl y fannod mae enw benywaidd unigol yn treiglo'n feddal felly mae ff- yn dod yn f-.
a000074,Soft,Article,y,fferi,ferry,noun-fem,Mae'r ,yn cyrraedd yn gynnar.,feri,SM,The ferry arrives early.,After the definite article a singular feminine noun takes soft mutation so ff- becomes f-.,Ar ôl y fannod mae enw benywaidd unigol yn treiglo'n feddal felly mae ff- yn dod yn f-.
a000075,Soft,Article,y,fferm,farm,noun-fem,Mae'r ,ger y pentref.,fferm,SM,The farm is near the village.,After the definite article a singular feminine noun takes soft mutation so ff- becomes f-.,Ar ôl y fannod mae enw benywaidd unigol yn treiglo'n feddal felly mae ff- yn dod yn f-.
a000076,None,Article,y,cyllyll,knives,noun-pl,Mae'r ,yn y drôr.,cyllyll,NONE,The knives are in the drawer.,Plural nouns do not take soft mutation after the definite article.,Dydy enwau lluosog ddim yn treiglo'n feddal ar ôl y fannod.
a000077,None,Article,y,defaid,sheep,noun-pl,Mae'r ,yn y cae.,defaid,NONE,The sheep are in the field.,Plural nouns do not take soft mutation after the definite article.,Dydy enwau lluosog ddim yn treiglo'n feddal ar ôl y fannod.
a000078,None,Article,y,cwningod,rabbits,noun-pl,Mae'r ,yn y cae.,cwningod,NONE,The rabbits are in the field.,Plural nouns do not take soft mutation after the definite article.,Dydy enwau lluosog ddim yn treiglo'n feddal ar ôl y fannod.
a000079,None,Article,y,dinasoedd,cities,noun-pl,Mae'r ,yn fawr.,dinasoedd,NONE,The cities are big.,Plural nouns do not take soft mutation after the definite article.,Dydy enwau lluosog ddim yn treiglo'n feddal ar ôl y fannod.
a000080,None,Article,y,dogfennau,documents,noun-pl,Mae'r ,ar y bwrdd.,dogfennau,NONE,The documents are on the table.,Plural nouns do not take soft mutation after the definite article.,Dydy enwau lluosog ddim yn treiglo'n feddal ar ôl y fannod.
a000081,None,Article,y,cusanau,kisses,noun-pl,Rho'r ,i'r plant.,cusanau,NONE,Give the kisses to the children.,Plural nouns do not take soft mutation after the definite article.,Dydy enwau lluosog ddim yn treiglo'n feddal ar ôl y fannod.
a000082,None,Article,yr,eitemau,items,noun-pl,Mae'r ,yn y bag.,eitemau,NONE,The items are in the bag.,Plural nouns do not take soft mutation after the definite article.,Dydy enwau lluosog ddim yn treiglo'n feddal ar ôl y fannod.
a000083,None,Article,y,cardigans,cardigans,noun-pl,Mae'r ,yn y cwpwrdd.,cardigans,NONE,The cardigans are in the cupboard.,Plural nouns do not take soft mutation after the definite article.,Dydy enwau lluosog ddim yn treiglo'n feddal ar ôl y fannod.
a000084,Soft,Article,y,ffeuen,bean,noun-fem,Mae'r ,ar y plât.,feuen,SM,The bean is on the plate.,After the definite article a singular feminine noun takes soft mutation so ff- becomes f-.,Ar ôl y fannod mae enw benywaidd unigol yn treiglo'n feddal felly mae ff- yn dod yn f-.
a000085,Soft,Article,y,ffi,fee,noun-fem,Mae'r ,yn uchel.,fi,SM,The fee is high.,After the definite article a singular feminine noun takes soft mutation so ff- becomes f-.,Ar ôl y fannod mae enw benywaidd unigol yn treiglo'n feddal felly mae ff- yn dod yn f-.
a000086,Soft,Article,y,ffiseg,physics,noun-fem,Dw i'n astudio ,yn y coleg.,fiseg,SM,I study physics in college.,After the definite article a singular feminine noun takes soft mutation so ff- becomes f-.,Ar ôl y fannod mae enw benywaidd unigol yn treiglo'n feddal felly mae ff- yn dod yn f-.
a000087,Soft,Article,y,fforc,fork,noun-fem,Mae'r ,ar y bwrdd.,forc,SM,The fork is on the table.,After the definite article a singular feminine noun takes soft mutation so ff- becomes f-.,Ar ôl y fannod mae enw benywaidd unigol yn treiglo'n feddal felly mae ff- yn dod yn f-.
a000088,Soft,Article,y,ffordd,road,noun-fem,Mae'r ,yn hir.,fordd,SM,The road is long.,After the definite article a singular feminine noun takes soft mutation so ff- becomes f-.,Ar ôl y fannod mae enw benywaidd unigol yn treiglo'n feddal felly mae ff- yn dod yn f-.
a000089,Soft,Article,y,ffordd osgoi,bypass road,noun-fem,Mae'r ,yn brysur heddiw.,fordd osgoi,SM,The bypass is busy today.,After the definite article a singular feminine noun takes soft mutation on the first word so ff- becomes f-.,Ar ôl y fannod mae treiglad meddal ar y gair cyntaf felly mae ff- yn dod yn f-.
a000090,Soft,Article,y,Ffrangeg,French language,noun-fem,Dw i'n dysgu ,yn yr ysgol.,Ffrangeg,SM,I learn French in school.,After the definite article a singular feminine noun takes soft mutation so Ff- becomes F-.,Ar ôl y fannod mae enw benywaidd unigol yn treiglo'n feddal felly mae Ff- yn dod yn F-.
a000091,Soft,Article,y,Ffrainc,France,placename,Dw i'n hoffi ,yn fawr.,Ffrainc,SM,I like France a lot.,After the definite article a singular feminine noun takes soft mutation so Ff- becomes F-.,Ar ôl y fannod mae enw benywaidd unigol yn treiglo'n feddal felly mae Ff- yn dod yn F-.
a000092,Soft,Article,y,Ffrances,French woman,noun-fem,Mae'r ,yn byw yma.,Frances,SM,The French woman lives here.,After the definite article a singular feminine noun takes soft mutation so Ff- becomes F-.,Ar ôl y fannod mae enw benywaidd unigol yn treiglo'n feddal felly mae Ff- yn dod yn F-.
a000093,Soft,Article,y,ffrog,dress,noun-fem,Mae'r ,yn las.,frog,SM,The dress is blue.,After the definite article a singular feminine noun takes soft mutation so ff- becomes f-.,Ar ôl y fannod mae enw benywaidd unigol yn treiglo'n feddal felly mae ff- yn dod yn f-.
a000094,Soft,Article,y,ffwrn,oven,noun-fem,Mae'r ,yn boeth.,fwrn,SM,The oven is hot.,After the definite article a singular feminine noun takes soft mutation so ff- becomes f-.,Ar ôl y fannod mae enw benywaidd unigol yn treiglo'n feddal felly mae ff- yn dod yn f-.
a000095,Soft,Article,'r,gafr,goat,noun-fem,Mae'r ,yn y cae.,afr,SM,The goat is in the field.,After the definite article a singular feminine noun takes soft mutation so g- drops completely.,Ar ôl y fannod mae enw benywaidd unigol yn treiglo'n feddal felly mae g- yn diflannu.
a000096,None,Article,y,galwad,call,noun-fem,Mae'r ,yn bwysig.,galwad,SM,The call is important.,After the definite article a singular feminine noun takes soft mutation but g- does not change in this word.,Ar ôl y fannod mae enw benywaidd unigol yn treiglo'n feddal ond dydy g- ddim yn newid yn y gair hwn.
a000097,Soft,Article,'r,gem,gem,noun-fem,Dyma'r ,ar y bwrdd.,em,SM,Here is the gem on the table.,After the definite article a singular feminine noun takes soft mutation so g- drops completely.,Ar ôl y fannod mae enw benywaidd unigol yn treiglo'n feddal felly mae g- yn diflannu.
a000098,Soft,Article,'r,gôl,goal,noun-fem,Mae'r ,yn bwysig iawn.,ôl,SM,The goal is very important.,After the definite article a singular feminine noun takes soft mutation so g- drops completely.,Ar ôl y fannod mae enw benywaidd unigol yn treiglo'n feddal felly mae g- yn diflannu.
a000099,Soft,Article,'r,golygfa,view,noun-fem,Mae'r ,yn hardd.,olygfa,SM,The view is beautiful.,After the definite article a singular feminine noun takes soft mutation so g- drops completely.,Ar ôl y fannod mae enw benywaidd unigol yn treiglo'n feddal felly mae g- yn diflannu.
a000100,Soft,Article,'r,gradd,degree,noun-fem,Mae'r ,yn anodd.,radd,SM,The degree is difficult.,After the definite article a singular feminine noun takes soft mutation so g- drops completely.,Ar ôl y fannod mae enw benywaidd unigol yn treiglo'n feddal felly mae g- yn diflannu.
a000101,Soft,Article,'r,gwartheg,cattle,noun-fem,Mae'r ,yn y cae.,wartheg,SM,The cattle are in the field.,After the definite article a singular feminine noun takes soft mutation so gw- becomes w-.,Ar ôl y fannod mae enw benywaidd unigol yn treiglo'n feddal felly mae gw- yn dod yn w-.
a000102,Soft,Article,'r,gwawr,dawn,noun-fem,Mae'r ,yn gynnar heddiw.,wawr,SM,The dawn is early today.,After the definite article a singular feminine noun takes soft mutation so gw- becomes w-.,Ar ôl y fannod mae enw benywaidd unigol yn treiglo'n feddal felly mae gw- yn dod yn w-.
a000103,Soft,Article,'r,gwefan,website,noun-fem,Mae'r ,ar-lein.,wefan,SM,The website is online.,After the definite article a singular feminine noun takes soft mutation so gw- becomes w-.,Ar ôl y fannod mae enw benywaidd unigol yn treiglo'n feddal felly mae gw- yn dod yn w-.
a000104,Soft,Article,'r,gwisg,costume,noun-fem,Mae'r ,yn ddrud.,wisg,SM,The costume is expensive.,After the definite article a singular feminine noun takes soft mutation so gw- becomes w-.,Ar ôl y fannod mae enw benywaidd unigol yn treiglo'n feddal felly mae gw- yn dod yn w-.
a000105,Soft,Article,'r,gwisg ffansi,fancy dress,noun-fem,Mae'r ,ar gyfer y parti.,wisg ffansi,SM,The fancy dress is for the party.,After the definite article a singular feminine noun takes soft mutation on the first word so gw- becomes w-.,Ar ôl y fannod mae treiglad meddal ar y gair cyntaf felly mae gw- yn dod yn w-.
a000106,Soft,Article,'r,gwiwer,squirrel,noun-fem,Mae'r ,yn y parc.,wiwer,SM,The squirrel is in the park.,After the definite article a singular feminine noun takes soft mutation so gw- becomes w-.,Ar ôl y fannod mae enw benywaidd unigol yn treiglo'n feddal felly mae gw- yn dod yn w-.
a000107,None,Article,y,ffyrdd,roads,noun-pl,Mae'r ,yn brysur.,ffyrdd,NONE,The roads are busy.,Plural nouns do not take soft mutation after the definite article.,Dydy enwau lluosog ddim yn treiglo'n feddal ar ôl y fannod.
a000108,None,Article,y,ffrogiau,dresses,noun-pl,Mae'r ,yn y siop.,ffrogiau,NONE,The dresses are in the shop.,Plural nouns do not take soft mutation after the definite article.,Dydy enwau lluosog ddim yn treiglo'n feddal ar ôl y fannod.
a000109,None,Article,'r,gwefannau,websites,noun-pl,Mae'r ,yn boblogaidd.,gwefannau,NONE,The websites are popular.,Plural nouns do not take soft mutation after the definite article.,Dydy enwau lluosog ddim yn treiglo'n feddal ar ôl y fannod.
a000110,None,Article,'r,gwiwerod,squirrels,noun-pl,Mae'r ,yn y coed.,gwiwerod,NONE,The squirrels are in the trees.,Plural nouns do not take soft mutation after the definite article.,Dydy enwau lluosog ddim yn treiglo'n feddal ar ôl y fannod.
a000111,None,Article,y,ffyrc,forks,noun-pl,Mae'r ,yn y drôr.,ffyrc,NONE,The forks are in the drawer.,Plural nouns do not take soft mutation after the definite article.,Dydy enwau lluosog ddim yn treiglo'n feddal ar ôl y fannod.
a000112,Soft,Article,y,Gwlad Groeg,Greece,placename,Dw i wedi bod i ,unwaith.,Wlad Groeg,SM,I have been to Greece once.,After the definite article a singular feminine noun takes soft mutation so gw- becomes w-.,Ar ôl y fannod mae enw benywaidd unigol yn treiglo'n feddal felly mae gw- yn dod yn w-.
a000113,Soft,Article,y,gwybodaeth,information,noun-fem,Mae'r ,yn ddefnyddiol.,wybodaeth,SM,The information is useful.,After the definite article a singular feminine noun takes soft mutation so gw- becomes w-.,Ar ôl y fannod mae enw benywaidd unigol yn treiglo'n feddal felly mae gw- yn dod yn w-.
a000114,Soft,Article,y,gŵydd,goose,noun-fem,Mae'r ,yn y cae.,ŵydd,SM,The goose is in the field.,After the definite article a singular feminine noun takes soft mutation so g- drops completely.,Ar ôl y fannod mae enw benywaidd unigol yn treiglo'n feddal felly mae g- yn diflannu.
a000115,Soft,Article,y,Gwyddeleg,Irish language,noun-fem,Dw i'n dysgu ,ar-lein.,Wyddeleg,SM,I’m learning Irish online.,After the definite article a singular feminine noun takes soft mutation so gw- becomes w-.,Ar ôl y fannod mae enw benywaidd unigol yn treiglo'n feddal felly mae gw- yn dod yn w-.
a000116,Soft,Article,y,Gwyddeles,Irish woman,noun-fem,Mae'r ,yn byw yma.,Wyddeles,SM,The Irish woman lives here.,After the definite article a singular feminine noun takes soft mutation so gw- becomes w-.,Ar ôl y fannod mae enw benywaidd unigol yn treiglo'n feddal felly mae gw- yn dod yn w-.
a000117,Soft,Article,y,gwyddoniaeth,science,noun-fem,Dw i'n hoffi ,yn yr ysgol.,wyddoniaeth,SM,I like science at school.,After the definite article a singular feminine noun takes soft mutation so gw- becomes w-.,Ar ôl y fannod mae enw benywaidd unigol yn treiglo'n feddal felly mae gw- yn dod yn w-.
a000118,Soft,Article,y,Gŵyl San Steffan,Boxing Day,day,Mae ,ar ôl y Nadolig.,Ŵyl San Steffan,SM,Boxing Day is after Christmas.,After the definite article a singular feminine noun takes soft mutation so g- drops completely.,Ar ôl y fannod mae enw benywaidd unigol yn treiglo'n feddal felly mae g- yn diflannu.
a000119,None,Article,y,heulwen,sunshine,noun-fem,Mae'r ,yn gryf heddiw.,heulwen,NONE,The sunshine is strong today.,Words beginning with h- do not take soft mutation after the article.,Nid yw geiriau sy’n dechrau gyda h- yn treiglo ar ôl y fannod.
a000120,None,Article,y,hosan,sock,noun-fem,Mae'r ,yn wlyb.,hosan,NONE,The sock is wet.,Words beginning with h- do not take soft mutation after the article.,Nid yw geiriau sy’n dechrau gyda h- yn treiglo ar ôl y fannod.
a000121,None,Article,y,hwyaden,duck,noun-fem,Mae'r ,yn y dŵr.,hwyaden,NONE,The duck is in the water.,Words beginning with h- do not take soft mutation after the article.,Nid yw geiriau sy’n dechrau gyda h- yn treiglo ar ôl y fannod.
a000122,None,Article,yr,iaith,language,noun-fem,Dw i'n dysgu ,newydd.,iaith,NONE,I’m learning a new language.,This noun starts with a vowel so there is no mutation after the article.,Mae'r enw yn dechrau gyda llafariad felly does dim treiglad ar ôl y fannod.
a000123,None,Article,yr,iâr,hen,noun-fem,Mae'r ,yn yr iard.,iâr,NONE,The hen is in the yard.,This noun starts with a vowel so there is no mutation after the article.,Mae'r enw yn dechrau gyda llafariad felly does dim treiglad ar ôl y fannod.
a000124,None,Article,y,jar,jar,noun-fem,Mae'r ,yn wag.,jar,NONE,The jar is empty.,This noun begins with j- which does not mutate after the article.,Mae'r enw yn dechrau gyda j- ac nid yw'n treiglo ar ôl y fannod.
a000125,None,Article,y,lawnt,lawn,noun-fem,Mae'r ,yn wyrdd.,lawnt,NONE,The lawn is green.,Initial l- does not mutate in soft mutation.,Nid yw l- yn treiglo mewn treiglad meddal.
a000126,None,Article,y,lefel,level,noun-fem,Mae'r ,yn uchel.,lefel,NONE,The level is high.,Initial l- does not mutate in soft mutation.,Nid yw l- yn treiglo mewn treiglad meddal.
a000127,None,Article,y,lein,line,noun-fem,Mae'r ,yn hir.,lein,NONE,The line is long.,Initial l- does not mutate in soft mutation.,Nid yw l- yn treiglo mewn treiglad meddal.
a000128,None,Article,y,lori,lorry,noun-fem,Mae'r ,ar y ffordd.,lori,NONE,The lorry is on the road.,Initial l- does not mutate in soft mutation.,Nid yw l- yn treiglo mewn treiglad meddal.
a000129,None,Article,y,llaw,hand,noun-fem,Mae'r ,yn boenus.,llaw,NONE,The hand is sore.,Initial ll- does not mutate in soft mutation.,Nid yw ll- yn treiglo mewn treiglad meddal.
a000130,None,Article,y,lleuad,moon,noun-fem,Mae'r ,yn llawn.,lleuad,NONE,The moon is full.,Initial ll- does not mutate in soft mutation.,Nid yw ll- yn treiglo mewn treiglad meddal.
a000131,None,Article,y,llygoden,mouse,noun-fem,Mae'r ,yn y tŷ.,llygoden,NONE,The mouse is in the house.,Initial ll- does not mutate in soft mutation.,Nid yw ll- yn treiglo mewn treiglad meddal.
a000132,None,Article,y,llygoden fawr,rat,noun-fem,Mae'r ,yn y sied.,llygoden fawr,NONE,The rat is in the shed.,Initial ll- does not mutate in soft mutation and only the first word would mutate if applicable.,Nid yw ll- yn treiglo mewn treiglad meddal ac dim ond y gair cyntaf fyddai’n treiglo.
a000133,None,Article,y,llysfam,stepmother,noun-fem,Mae'r ,yn garedig.,llysfam,NONE,The stepmother is kind.,Initial ll- does not mutate in soft mutation.,Nid yw ll- yn treiglo mewn treiglad meddal.
a000134,None,Article,y,llywodraeth,government,noun-fem,Mae'r ,yn gwneud penderfyniadau.,llywodraeth,NONE,The government makes decisions.,Initial ll- does not mutate in soft mutation.,Nid yw ll- yn treiglo mewn treiglad meddal.
a000135,None,Article,y,malwoden,snail,noun-fem,Mae'r ,yn araf.,malwoden,NONE,The snail is slow.,Initial m- does not mutate in soft mutation.,Nid yw m- yn treiglo mewn treiglad meddal.
a000136,Soft,Article,y,mathemateg,mathematics,noun-fem,Dw i'n astudio ,yn y coleg.,fathemateg,SM,I study mathematics in college.,After the definite article a singular feminine noun takes soft mutation so m- becomes f-.,Ar ôl y fannod mae enw benywaidd unigol yn treiglo'n feddal felly mae m- yn dod yn f-.
a000137,Soft,Article,y,meicrodon,microwave,noun-fem,Mae'r ,yn y gegin.,feicrodon,SM,The microwave is in the kitchen.,After the definite article a singular feminine noun takes soft mutation so m- becomes f-.,Ar ôl y fannod mae enw benywaidd unigol yn treiglo'n feddal felly mae m- yn dod yn f-.
a000138,Soft,Article,y,meithrinfa,nursery,noun-fem,Mae'r ,ar agor.,feithrinfa,SM,The nursery is open.,After the definite article a singular feminine noun takes soft mutation so m- becomes f-.,Ar ôl y fannod mae enw benywaidd unigol yn treiglo'n feddal felly mae m- yn dod yn f-.
a000139,None,Article,y,merch,girl,noun-fem,Mae'r ,yn ifanc.,merch,NONE,The girl is young.,Initial m- does not mutate in this word.,Nid yw m- yn treiglo yn y gair hwn.
a000140,Soft,Article,y,milfeddygfa,veterinary surgery,noun-fem,Mae'r ,yn y dref.,filfeddygfa,SM,The veterinary surgery is in the town.,After the definite article a singular feminine noun takes soft mutation so m- becomes f-.,Ar ôl y fannod mae enw benywaidd unigol yn treiglo'n feddal felly mae m- yn dod yn f-.
a000141,Soft,Article,y,milltir,mile,noun-fem,Mae'r ,yn hir.,filltir,SM,The mile is long.,After the definite article a singular feminine noun takes soft mutation so m- becomes f-.,Ar ôl y fannod mae enw benywaidd unigol yn treiglo'n feddal felly mae m- yn dod yn f-.
